"EventId","Rank","Name","Alliance","Score","UserId"
"120021","1","단비 FreeM","DEFl","30600860","1291183795002009"
"120021","2","Odogg20100","DEFl","30345920","1915304141002009"
"120021","3","Abz ツ","DEFl","29436760","1798612518002009"
"120021","4","BoffaDeezzz 両玉","DEFl","28550200","1955344177002009"
"120021","5","Pennah","DEFl","24224200","1550635285002009"
"120021","6","PORKYWAFFLE","DEFl","24194780","2168179349002009"
"120021","7","Jenära","DEFl","24125480","1955800939002009"
"120021","8","GhostTaxi  령","DEFl","23531400","1156831515002009"
"120021","9","Blood Angel AB","DEFl","23287000","1908664231002009"
"120021","10","Major Boom Shakalaka","DEFl","22850400","1724153165002009"
"120021","11","Kor Devil","DEFl","22181720","1042263425002009"
"120021","12","ESPN LIES 69","DEFl","21353960","1956097545002009"
"120021","13","ADMIN V","DEFl","18928200","1513152871002009"
"120021","14","Nvsuccess","DEFl","18609260","1127048012002009"
"120021","15","DrDeadCatS","DEFl","17895040","1862845445002009"
"120021","16","ThunderGrunt Palblo","DEFl","17338600","1710268967002009"
"120021","17","pretty 이쁜엿옹","DEFl","17300020","1879664984002009"
"120021","18","IveGotBeef 햄버거","DEFl","15073460","1882477040002009"
"120021","19","FLuFFy 멍멍","DEFl","14834440","1171733078002009"
"120021","20","Brbsmoke","DEFl","14525120","1955909125002009"
"120021","21","p0ppa","DEFl","14367600","1243686140002009"
"120021","22","WheresDaBeef 암소","DEFl","14174640","1418400186002009"
"120021","23","BoffaDozzeee です","DEFl","14077540","1412019391002009"
"120021","24","Juniper Skye MurrOW","DEFl","13202000","1955840422002009"
"120021","25","VenomVisíon","DEFl","12386620","1396639825002009"
"120021","26","Taxan Killer 에릭","DEFl","11970000","1771461583002009"
"120021","27","Kîra 키라","DEFl","11645640","1284124114002009"
"120021","28","StunnerOtis","DEFl","11321180","1954642487002009"
"120021","29","Nuke Doctor","DEFl","11067500","1955890708002009"
"120021","30","MetalFace Stone","DEFl","11053340","1243117540002009"
"120021","31","Äāmøň","DEFl","10812000","1783142248002009"
"120021","32","Guapo III","DEFl","10499000","1955858114002009"
"120021","33","Glockmeep","DEFl","10216000","1648780819002009"
"120021","34","kdashh22","DEFl","10174000","1113719835002009"
"120021","35","Gtoboi","DEFl","10012280","1662911906002009"
"120021","36","LĘE Şeúng Ĥun","DEFl","9863060","1018658388002009"
"120021","37","뚤ddulღ","DEFl","9646000","1238891291002009"
"120021","38","Buttons F2F","fLAG","9378000","1696563170002009"
"120021","39","Xxpacifist","DEFl","9229000","1220371996002009"
"120021","40","보리HA","","9141000","1157682244002009"
"120021","41","SilentCircus","DEFl","9120000","1956372992002009"
"120021","42","NicocoLetsGoPSG","DEFl","8887940","1207146206002009"
"120021","43","루이୨୧ louis","DEFl","8764320","1105149285002009"
"120021","44","Commander 39c132009","","8748000","1810943858002009"
"120021","45","TowPigy","DEFl","8462940","1956008371002009"
"120021","46","원oneღ","DEFl","8355980","1759318546002009"
"120021","47","JSSJ2026","DEFl","8230240","1833496775002009"
"120021","48","보조개 Witch","DEFl","7896840","1039210403002009"
"120021","49","ĤappyĞĄMĘ 좋아","KTHR","7587000","1126282745002009"
"120021","50","Capt ジョシュ","DEFl","7369960","1955984446002009"
"120021","51","카두바 caduba","DEFl","7226600","1181086471002009"
"120021","52","Stephy0255","DEFl","7055960","1169494008002001"
"120021","53","ElusiveSavvy","DEFl","6834840","1621795100002009"
"120021","54","STRATIX 360","DEFl","6302000","1794408508002009"
"120021","55","발록 balrog","DEFl","6035000","1006520614002009"
"120021","56","OG COTN MFKER","DEFl","5977280","1670546139002009"
"120021","57","Asmodean76","DEFl","5785460","1339444241002009"
"120021","58","Tiffyspurg","DEFl","5738000","2200388647002009"
"120021","59","亗 Ganssup","KTHR","5580660","1105966165002009"
"120021","60","YïppeeKïYAY MF","DEFl","5410000","2167178556002009"
"120021","61","NV Dragon Phoenix","NELA","4750000","2174635372002009"
"120021","62","Tech100","DEFl","4719500","1651408835002009"
"120021","63","Dragonfly5280","DEFl","4690000","1868610843002009"
"120021","64","Porkchop Warrior","DEFl","4688000","1408507824002009"
"120021","65","Fugarewe","DEFl","4369020","1047789677002009"
"120021","66","IArma XI","DEFl","4173520","1493440312002009"
"120021","67","Masterball1","DEFl","4110000","1282191033001997"
"120021","68","AccuracY","DEFl","4104000","1418302934002009"
"120021","69","KANG편돌","DEFl","3981660","1066495923002009"
"120021","70","Poochucker","DEFl","3921000","1501336988002009"
"120021","71","Beat It","DEFl","3875760","1155608505002009"
"120021","72","Kung Fu Yoda","DEFl","3826420","1912186114002009"
"120021","73","God   Of   War","DEFl","3820000","1042924500002009"
"120021","74","중융JUNGღ","DEFl","3663620","1687239939002009"
"120021","75","호세카 hosecar","DEFl","3639000","1252757549002009"
"120021","76","5H13LDUR53LF","DEFl","3595000","1217994156002009"
"120021","77","Binxxxyy","DEFl","3539720","1956065017002009"
"120021","78","Kredio","DEFl","3180000","1428508013002009"
"120021","79","IJONASI 이죠나시","DEFl","3175360","1249945547002009"
"120021","80","Stinkyf33t","DEFl","2968000","1335516399002009"
"120021","81","풀잎love","DEFl","2856000","1912489501002009"
"120021","82","Ravėn","DEFl","2696420","1086099410002001"
"120021","83","EMPYRE","DEFl","2646000","1924277001002009"
"120021","84","TheeNAMEless","DEFl","2618920","1112205467002009"
"120021","85","볼보 8115 volvo","DEFl","2593000","1032401035002009"
"120021","86","Random word","DEFl","2546000","1683911371002009"
"120021","87","Crunk Jr","DEFl","2213800","1353411104002009"
"120021","88","플래티넘TH","DEFl","2171500","1906030159002009"
"120021","89","Sparta2966","DEFl","2146800","1350762850002009"
"120021","90","zekai66","DEFl","2110740","1909069627002009"
"120021","91","SawGuns Ghost","DEFl","2085000","1765321996002009"
"120021","92","Back2Back 도돌이","fLAG","1980000","1375312053002009"
"120021","93","Lord Hulkster","DEFl","1759380","1597493214002001"
"120021","94","Versace club","DEFl","1735000","1230726778002009"
"120021","95","ChKnMcStu 卡津","DEFl","1665000","1864788746002009"
"120021","96","Wookasian","DEFl","1515260","1672057584002009"
"120021","97","Prome42","DEFl","1305000","1955717408002009"
"120021","98","LittleRuss","H8tr","1287000","1006866977002009"
"120021","99","Strike Anywhere","H8tr","1182000","1262810720002009"
"120021","100","Advillain","DEFl","1134000","1881113463002009"
"120021","101","D Br33zy","Po1","1042000","1955332316002009"
"120021","102","Katiebug123","DFIW","1012000","1415642309002009"
"120021","103","OGStoltz77","DEFl","914000","1955815283002009"
"120021","104","카키kaki","DEFl","710000","1880001838002009"
"120021","105","Junior Vorani","DEFl","626000","1398218860002009"
"120021","106","deamavalos","H8tr","500000","1884635239002009"
"120021","107","tēēj","DEFl","251000","1955756618002009"
"120021","108","Santtos7","DEFl","247000","1782850244002009"
"120021","109","Sal51","DEFl","192000","1465387733002009"
"120021","110","Magician 쿠","DEFl","85600","1895981985002009"
"120021","111","ᎢᎧᎡᎠధnᎧ","H8tr","11500","1483211380002009"
"120023","1","JSSJ2026","DEFl","3302846","1833496775002009"
"120023","2","TowPigy","DEFl","2963788","1956008371002009"
"120023","3","Taxan Killer 에릭","DEFl","1786110","1771461583002009"
"120023","4","원oneღ","DEFl","1677882","1759318546002009"
"120023","5","발록 balrog","DEFl","1677148","1006520614002009"
"120023","6","ThunderGrunt Palblo","DEFl","1644650","1710268967002009"
"120023","7","ESPN LIES 69","DEFl","960188","1956097545002009"
"120023","8","Kor Devil","DEFl","859732","1042263425002009"
"120023","9","MetalFace Stone","DEFl","794958","1243117540002009"
"120023","10","DrDeadCatS","DEFl","755532","1862845445002009"
"120023","11","Kîra 키라","DEFl","716358","1284124114002009"
"120023","12","LĘE Şeúng Ĥun","DEFl","715604","1018658388002009"
"120023","13","플래티넘TH","DEFl","686756","1906030159002009"
"120023","14","p0ppa","DEFl","671340","1243686140002009"
"120023","15","보조개 Witch","DEFl","605320","1039210403002009"
"120023","16","ADMIN V","DEFl","598556","1513152871002009"
"120023","17","Kredio","DEFl","592404","1428508013002009"
"120023","18","BoffaDeezzz 両玉","DEFl","530558","1955344177002009"
"120023","19","EMPYRE","DEFl","525116","1924277001002009"
"120023","20","중융JUNGღ","DEFl","520358","1687239939002009"
"120023","21","OG COTN MFKER","DEFl","510422","1670546139002009"
"120023","22","NicocoLetsGoPSG","DEFl","469506","1207146206002009"
"120023","23","Capt ジョシュ","DEFl","462916","1955984446002009"
"120023","24","StunnerOtis","DEFl","457254","1954642487002009"
"120023","25","뚤ddulღ","DEFl","455668","1238891291002009"
"120023","26","KANG편돌","DEFl","451914","1066495923002009"
"120023","27","WheresDaBeef 암소","DEFl","425596","1418400186002009"
"120023","28","Major Boom Shakalaka","DEFl","425506","1724153165002009"
"120023","29","IJONASI 이죠나시","DEFl","406370","1249945547002009"
"120023","30","IArma XI","DEFl","384734","1493440312002009"
"120023","31","Blood Angel AB","DEFl","374264","1908664231002009"
"120023","32","Abz ツ","DEFl","367274","1798612518002009"
"120023","33","GhostTaxi  령","DEFl","333764","1156831515002009"
"120023","34","Asmodean76","DEFl","326316","1339444241002009"
"120023","35","Stinkyf33t","DEFl","304844","1335516399002009"
"120023","36","Ravėn","DEFl","301246","1086099410002001"
"120023","37","Brbsmoke","DEFl","259124","1955909125002009"
"120023","38","Beat It","DEFl","251468","1155608505002009"
"120023","39","Advillain","DEFl","249900","1881113463002009"
"120023","40","IveGotBeef 햄버거","DEFl","230848","1882477040002009"
"120023","41","단비 FreeM","DEFl","229106","1291183795002009"
"120023","42","BoffaDozzeee です","DEFl","210438","1412019391002009"
"120023","43","SawGuns Ghost","DEFl","187092","1765321996002009"
"120023","44","Xxpacifist","DEFl","184704","1220371996002009"
"120023","45","ElusiveSavvy","DEFl","180536","1621795100002009"
"120023","46","Kung Fu Yoda","DEFl","168472","1912186114002009"
"120023","47","亗 Ganssup","KTHR","156576","1105966165002009"
"120023","48","FLuFFy 멍멍","DEFl","139080","1171733078002009"
"120023","49","Odogg20100","DEFl","128930","1915304141002009"
"120023","50","VenomVisíon","DEFl","122030","1396639825002009"
"120023","51","Wookasian","DEFl","112696","1672057584002009"
"120023","52","tēēj","DEFl","101890","1955756618002009"
"120023","53","Commander 39c132009","","99390","1810943858002009"
"120023","54","Guapo III","DEFl","89470","1955858114002009"
"120023","55","Dragonfly5280","DEFl","88976","1868610843002009"
"120023","56","Gtoboi","DEFl","83094","1662911906002009"
"120023","57","Pennah","DEFl","81150","1550635285002009"
"120023","58","Äāmøň","DEFl","78886","1783142248002009"
"120023","59","zekai66","DEFl","74240","1909069627002009"
"120023","60","Binxxxyy","DEFl","66000","1956065017002009"
"120023","61","Poochucker","DEFl","62670","1501336988002009"
"120023","62","Random word","DEFl","61246","1683911371002009"
"120023","63","Tech100","DEFl","60790","1651408835002009"
"120023","64","Jenära","DEFl","56620","1955800939002009"
"120023","65","5H13LDUR53LF","DEFl","52652","1217994156002009"
"120023","66","Masterball1","DEFl","52350","1282191033001997"
"120023","67","Stephy0255","DEFl","52000","1169494008002001"
"120023","68","Lord Hulkster","DEFl","50000","1597493214002001"
"120023","69","Junior Vorani","DEFl","42830","1398218860002009"
"120023","70","볼보 8115 volvo","DEFl","38652","1032401035002009"
"120023","71","Sal51","DEFl","37510","1465387733002009"
"120023","72","SilentCircus","DEFl","30000","1956372992002009"
"120023","73","Sparta2966","DEFl","30000","1350762850002009"
"120023","74","YïppeeKïYAY MF","DEFl","27240","2167178556002009"
"120023","75","호세카 hosecar","DEFl","22000","1252757549002009"
"120023","76","Versace club","DEFl","20000","1230726778002009"
"120023","77","Fugarewe","DEFl","19200","1047789677002009"
"120023","78","Santtos7","DEFl","17520","1782850244002009"
"120023","79","Nuke Doctor","DEFl","16500","1955890708002009"
"120023","80","카두바 caduba","DEFl","16350","1181086471002009"
"120023","81","pretty 이쁜엿옹","DEFl","10580","1879664984002009"
"120023","82","OGStoltz77","DEFl","10000","1955815283002009"
"120023","83","AccuracY","DEFl","9030","1418302934002009"
"120023","84","ĤappyĞĄMĘ 좋아","KTHR","4782","1126282745002009"
"120023","85","Glockmeep","DEFl","4200","1648780819002009"
"120023","86","kdashh22","DEFl","3990","1113719835002009"
"120024","1","JSSJ2026","DEFl","159091026","1833496775002009"
"120024","2","Taxan Killer 에릭","DEFl","96395121","1771461583002009"
"120024","3","TowPigy","DEFl","92407116","1956008371002009"
"120024","4","발록 balrog","DEFl","75598470","1006520614002009"
"120024","5","Capt ジョシュ","DEFl","71936472","1955984446002009"
"120024","6","원oneღ","DEFl","67356435","1759318546002009"
"120024","7","ThunderGrunt Palblo","DEFl","60582867","1710268967002009"
"120024","8","Kor Devil","DEFl","41398851","1042263425002009"
"120024","9","플래티넘TH","DEFl","38092377","1906030159002009"
"120024","10","p0ppa","DEFl","31088427","1243686140002009"
"120024","11","중융JUNGღ","DEFl","29658117","1687239939002009"
"120024","12","뚤ddulღ","DEFl","28935540","1238891291002009"
"120024","13","BoffaDeezzz 両玉","DEFl","27898086","1955344177002009"
"120024","14","LĘE Şeúng Ĥun","DEFl","23716152","1018658388002009"
"120024","15","IJONASI 이죠나시","DEFl","23215548","1249945547002009"
"120024","16","EMPYRE","DEFl","21578145","1924277001002009"
"120024","17","DrDeadCatS","DEFl","21128280","1862845445002009"
"120024","18","Kîra 키라","DEFl","18651471","1284124114002009"
"120024","19","Kredio","DEFl","18473835","1428508013002009"
"120024","20","ESPN LIES 69","DEFl","17851392","1956097545002009"
"120024","21","MetalFace Stone","DEFl","17478486","1243117540002009"
"120024","22","보조개 Witch","DEFl","16880481","1039210403002009"
"120024","23","ADMIN V","DEFl","16646442","1513152871002009"
"120024","24","KANG편돌","DEFl","15364653","1066495923002009"
"120024","25","Asmodean76","DEFl","13229994","1339444241002009"
"120024","26","NicocoLetsGoPSG","DEFl","12990717","1207146206002009"
"120024","27","OG COTN MFKER","DEFl","12440481","1670546139002009"
"120024","28","Xxpacifist","DEFl","12331119","1220371996002009"
"120024","29","StunnerOtis","DEFl","11916315","1954642487002009"
"120024","30","Advillain","DEFl","11619228","1881113463002009"
"120024","31","BoffaDozzeee です","DEFl","11267199","1412019391002009"
"120024","32","Beat It","DEFl","11152896","1155608505002009"
"120024","33","단비 FreeM","DEFl","10967664","1291183795002009"
"120024","34","Kung Fu Yoda","DEFl","10660770","1912186114002009"
"120024","35","IveGotBeef 햄버거","DEFl","10575609","1882477040002009"
"120024","36","IArma XI","DEFl","9582762","1493440312002009"
"120024","37","SawGuns Ghost","DEFl","9099600","1765321996002009"
"120024","38","ElusiveSavvy","DEFl","8925753","1621795100002009"
"120024","39","Guapo III","DEFl","8749065","1955858114002009"
"120024","40","WheresDaBeef 암소","DEFl","7965873","1418400186002009"
"120024","41","Gtoboi","DEFl","7061436","1662911906002009"
"120024","42","Brbsmoke","DEFl","6950880","1955909125002009"
"120024","43","GhostTaxi  령","DEFl","6870744","1156831515002009"
"120024","44","VenomVisíon","DEFl","6836136","1396639825002009"
"120024","45","Pennah","DEFl","6647898","1550635285002009"
"120024","46","Major Boom Shakalaka","DEFl","6340035","1724153165002009"
"120024","47","Odogg20100","DEFl","4950072","1915304141002009"
"120024","48","Random word","DEFl","4912092","1683911371002009"
"120024","49","Abz ツ","DEFl","4590135","1798612518002009"
"120024","50","Junior Vorani","DEFl","4513458","1398218860002009"
"120024","51","亗 Ganssup","KTHR","4127622","1105966165002009"
"120024","52","Dragonfly5280","DEFl","4069698","1868610843002009"
"120024","53","Stinkyf33t","DEFl","4038099","1335516399002009"
"120024","54","Jenära","DEFl","3544299","1955800939002009"
"120024","55","Poochucker","DEFl","3429405","1501336988002009"
"120024","56","tēēj","DEFl","3313242","1955756618002009"
"120024","57","Nuke Doctor","DEFl","2972298","1955890708002009"
"120024","58","Sparta2966","DEFl","2784720","1350762850002009"
"120024","59","5H13LDUR53LF","DEFl","2605488","1217994156002009"
"120024","60","zekai66","DEFl","2340696","1909069627002009"
"120024","61","Tech100","DEFl","2308827","1651408835002009"
"120024","62","Binxxxyy","DEFl","1778031","1956065017002009"
"120024","63","Commander 39c132009","","1638738","1810943858002009"
"120024","64","Masterball1","DEFl","1531755","1282191033001997"
"120024","65","Wookasian","DEFl","1417686","1672057584002009"
"120024","66","Santtos7","DEFl","1382154","1782850244002009"
"120024","67","Blood Angel AB","DEFl","1357065","1908664231002009"
"120024","68","Ravėn","DEFl","1235796","1086099410002001"
"120024","69","볼보 8115 volvo","DEFl","1167357","1032401035002009"
"120024","70","ChKnMcStu 卡津","DEFl","1051557","1864788746002009"
"120024","71","Prome42","DEFl","1026507","1955717408002009"
"120024","72","카두바 caduba","DEFl","929439","1181086471002009"
"120024","73","AccuracY","DEFl","837111","1418302934002009"
"120024","74","kdashh22","DEFl","600369","1113719835002009"
"120024","75","pretty 이쁜엿옹","DEFl","510732","1879664984002009"
"120024","76","YïppeeKïYAY MF","DEFl","487704","2167178556002009"
"120024","77","Sal51","DEFl","455295","1465387733002009"
"120024","78","Glockmeep","DEFl","420909","1648780819002009"
"120024","79","ĤappyĞĄMĘ 좋아","KTHR","370128","1126282745002009"
"120024","80","SilentCircus","DEFl","352539","1956372992002009"
"120024","81","호세카 hosecar","DEFl","321429","1252757549002009"
"120024","82","Lord Hulkster","DEFl","297006","1597493214002001"
"120024","83","Äāmøň","DEFl","271599","1783142248002009"
"120024","84","풀잎love","DEFl","248391","1912489501002009"
"120024","85","FLuFFy 멍멍","DEFl","229764","1171733078002009"
"120024","86","PORKYWAFFLE","DEFl","221898","2168179349002009"
"120024","87","Juniper Skye MurrOW","DEFl","204900","1955840422002009"
"120024","88","Versace club","DEFl","191037","1230726778002009"
"120024","89","보리HA","","172722","1157682244002009"
"120024","90","Stephy0255","DEFl","168201","1169494008002001"
"120024","91","Fugarewe","DEFl","155967","1047789677002009"
"120024","92","루이୨୧ louis","DEFl","75525","1105149285002009"
"120024","93","Tiffyspurg","DEFl","55671","2200388647002009"
"120024","94","OGStoltz77","DEFl","24255","1955815283002009"
"120024","95","STRATIX 360","DEFl","7260","1794408508002009"
"120024","96","Strike Anywhere","H8tr","4290","1262810720002009"
"120024","97","God   Of   War","DEFl","3135","1042924500002009"
"120024","98","카키kaki","DEFl","1584","1880001838002009"
"120022","1","TowPigy","DEFl","1543110","1956008371002009"
"120022","2","ThunderGrunt Palblo","DEFl","1541090","1710268967002009"
"120022","3","원oneღ","DEFl","1229510","1759318546002009"
"120022","4","Taxan Killer 에릭","DEFl","1180080","1771461583002009"
"120022","5","Kor Devil","DEFl","968860","1042263425002009"
"120022","6","ESPN LIES 69","DEFl","889410","1956097545002009"
"120022","7","KANG편돌","DEFl","824100","1066495923002009"
"120022","8","p0ppa","DEFl","813060","1243686140002009"
"120022","9","DrDeadCatS","DEFl","686340","1862845445002009"
"120022","10","ĤappyĞĄMĘ 좋아","KTHR","661360","1126282745002009"
"120022","11","보조개 Witch","DEFl","611560","1039210403002009"
"120022","12","단비 FreeM","DEFl","601740","1291183795002009"
"120022","13","SawGuns Ghost","DEFl","498810","1765321996002009"
"120022","14","중융JUNGღ","DEFl","495610","1687239939002009"
"120022","15","플래티넘TH","DEFl","494410","1906030159002009"
"120022","16","IArma XI","DEFl","490830","1493440312002009"
"120022","17","Blood Angel AB","DEFl","460050","1908664231002009"
"120022","18","Jenära","DEFl","448730","1955800939002009"
"120022","19","IJONASI 이죠나시","DEFl","441770","1249945547002009"
"120022","20","LĘE Şeúng Ĥun","DEFl","422230","1018658388002009"
"120022","21","Buttons F2F","fLAG","408170","1696563170002009"
"120022","22","Pennah","DEFl","406500","1550635285002009"
"120022","23","발록 balrog","DEFl","391030","1006520614002009"
"120022","24","Stinkyf33t","DEFl","379860","1335516399002009"
"120022","25","Kung Fu Yoda","DEFl","379270","1912186114002009"
"120022","26","Beat It","DEFl","359600","1155608505002009"
"120022","27","Back2Back 도돌이","fLAG","328800","1375312053002009"
"120022","28","FLuFFy 멍멍","DEFl","320800","1171733078002009"
"120022","29","카두바 caduba","DEFl","317420","1181086471002009"
"120022","30","GhostTaxi  령","DEFl","308600","1156831515002009"
"120022","31","MetalFace Stone","DEFl","305170","1243117540002009"
"120022","32","OG COTN MFKER","DEFl","301650","1670546139002009"
"120022","33","EMPYRE","DEFl","281260","1924277001002009"
"120022","34","IveGotBeef 햄버거","DEFl","274860","1882477040002009"
"120022","35","Abz ツ","DEFl","273900","1798612518002009"
"120022","36","Odogg20100","DEFl","265600","1915304141002009"
"120022","37","Sparta2966","DEFl","255490","1350762850002009"
"120022","38","Commander 39c132009","","254270","1810943858002009"
"120022","39","Kredio","DEFl","243600","1428508013002009"
"120022","40","Junior Vorani","DEFl","242210","1398218860002009"
"120022","41","Fugarewe","DEFl","233010","1047789677002009"
"120022","42","zekai66","DEFl","228380","1909069627002009"
"120022","43","PORKYWAFFLE","DEFl","223810","2168179349002009"
"120022","44","BoffaDeezzz 両玉","DEFl","223090","1955344177002009"
"120022","45","Masterball1","DEFl","218580","1282191033001997"
"120022","46","ADMIN V","DEFl","216100","1513152871002009"
"120022","47","VenomVisíon","DEFl","188220","1396639825002009"
"120022","48","풀잎love","DEFl","183470","1912489501002009"
"120022","49","Dragonfly5280","DEFl","175200","1868610843002009"
"120022","50","Magician 쿠","DEFl","173400","1895981985002009"
"120022","51","Capt ジョシュ","DEFl","172050","1955984446002009"
"120022","52","Stephy0255","DEFl","169980","1169494008002001"
"120022","53","뚤ddulღ","DEFl","162670","1238891291002009"
"120022","54","Asmodean76","DEFl","151500","1339444241002009"
"120022","55","호세카 hosecar","DEFl","143260","1252757549002009"
"120022","56","亗 Ganssup","KTHR","128170","1105966165002009"
"120022","57","kdashh22","DEFl","127520","1113719835002009"
"120022","58","AccuracY","DEFl","125220","1418302934002009"
"120022","59","ElusiveSavvy","DEFl","122430","1621795100002009"
"120022","60","pretty 이쁜엿옹","DEFl","122090","1879664984002009"
"120022","61","5H13LDUR53LF","DEFl","121800","1217994156002009"
"120022","62","Ravėn","DEFl","116790","1086099410002001"
"120022","63","YïppeeKïYAY MF","DEFl","111600","2167178556002009"
"120022","64","BoffaDozzeee です","DEFl","110510","1412019391002009"
"120022","65","Sal51","DEFl","110040","1465387733002009"
"120022","66","WheresDaBeef 암소","DEFl","101200","1418400186002009"
"120022","67","Santtos7","DEFl","100880","1782850244002009"
"120022","68","Äāmøň","DEFl","100800","1783142248002009"
"120022","69","Major Boom Shakalaka","DEFl","100800","1724153165002009"
"120022","70","Crunk Jr","DEFl","98260","1353411104002009"
"120022","71","Advillain","DEFl","96650","1881113463002009"
"120022","72","JSSJ2026","DEFl","96600","1833496775002009"
"120022","73","ChKnMcStu 卡津","DEFl","95530","1864788746002009"
"120022","74","NicocoLetsGoPSG","DEFl","94060","1207146206002009"
"120022","75","Lord Hulkster","DEFl","92270","1597493214002001"
"120022","76","Nuke Doctor","DEFl","91200","1955890708002009"
"120022","77","Brbsmoke","DEFl","88500","1955909125002009"
"120022","78","Guapo III","DEFl","84820","1955858114002009"
"120022","79","SilentCircus","DEFl","83410","1956372992002009"
"120022","80","Juniper Skye MurrOW","DEFl","82300","1955840422002009"
"120022","81","God   Of   War","DEFl","77880","1042924500002009"
"120022","82","Gtoboi","DEFl","76930","1662911906002009"
"120022","83","Kîra 키라","DEFl","75000","1284124114002009"
"120022","84","Xxpacifist","DEFl","71160","1220371996002009"
"120022","85","StunnerOtis","DEFl","70300","1954642487002009"
"120022","86","Random word","DEFl","68100","1683911371002009"
"120022","87","TheeNAMEless","DEFl","67800","1112205467002009"
"120022","88","Tech100","DEFl","66900","1651408835002009"
"120022","89","Tiffyspurg","DEFl","57940","2200388647002009"
"120022","90","Porkchop Warrior","DEFl","55800","1408507824002009"
"120022","91","보리HA","","51340","1157682244002009"
"120022","92","카키kaki","DEFl","50530","1880001838002009"
"120022","93","Strike Anywhere","H8tr","49920","1262810720002009"
"120022","94","Prome42","DEFl","49500","1955717408002009"
"120022","95","STRATIX 360","DEFl","48300","1794408508002009"
"120022","96","Wookasian","DEFl","47790","1672057584002009"
"120022","97","루이୨୧ louis","DEFl","34200","1105149285002009"
"120022","98","Binxxxyy","DEFl","33300","1956065017002009"
"120022","99","Nvsuccess","DEFl","31800","1127048012002009"
"120022","100","LittleRuss","H8tr","25500","1006866977002009"
"120022","101","Glockmeep","DEFl","23750","1648780819002009"
"120022","102","볼보 8115 volvo","DEFl","22800","1032401035002009"
"120022","103","OGStoltz77","DEFl","21900","1955815283002009"
"120022","104","Versace club","DEFl","15900","1230726778002009"
"120022","105","Poochucker","DEFl","14500","1501336988002009"
"120022","106","tēēj","DEFl","13800","1955756618002009"
"120022","107","deamavalos","H8tr","8400","1884635239002009"
"120022","108","junior1087","DEFl","6600","1841136973002009"
"120022","109","ᎢᎧᎡᎠధnᎧ","H8tr","5100","1483211380002009"
"120022","110","Katiebug123","DFIW","4500","1415642309002009"
"120022","111","NV Dragon Phoenix","NELA","3000","2174635372002009"
